,CUSIP,Principal
41,912797KJ5,988983.5018626929
288,912810SR0,1958488.5577434804
